{"file:///c%3A/Users/vypha/OneDrive/Documents/GitHub/fish/components/InvitePopup.tsx":{"language":"TypeScript JSX","code":72,"comment":1,"blank":8},"file:///c%3A/Users/vypha/OneDrive/Documents/GitHub/fish/environment.d.ts":{"language":"TypeScript","code":13,"comment":0,"blank":2},"file:///c%3A/Users/vypha/OneDrive/Documents/GitHub/fish/.prettierrc":{"language":"JSON","code":5,"comment":0,"blank":0},"file:///c%3A/Users/vypha/OneDrive/Documents/GitHub/fish/types/PlayerRoomStatus.ts":{"language":"TypeScript","code":5,"comment":0,"blank":0},"file:///c%3A/Users/vypha/OneDrive/Documents/GitHub/fish/components/Mail.tsx":{"language":"TypeScript JSX","code":54,"comment":7,"blank":5},"file:///c%3A/Users/vypha/OneDrive/Documents/GitHub/fish/types/index.ts":{"language":"TypeScript","code":3,"comment":0,"blank":0},"file:///c%3A/Users/vypha/OneDrive/Documents/GitHub/fish/tsconfig.json":{"language":"JSON with Comments","code":29,"comment":0,"blank":1},"file:///c%3A/Users/vypha/OneDrive/Documents/GitHub/fish/types/GameRoomType.ts":{"language":"TypeScript","code":3,"comment":0,"blank":0},"file:///c%3A/Users/vypha/OneDrive/Documents/GitHub/fish/types/AnimalSprites.ts":{"language":"TypeScript","code":14,"comment":0,"blank":0},"file:///c%3A/Users/vypha/OneDrive/Documents/GitHub/fish/services/react-query/index.ts":{"language":"TypeScript","code":6,"comment":0,"blank":2},"file:///c%3A/Users/vypha/OneDrive/Documents/GitHub/fish/services/react-query/ReactQueryProvider.tsx":{"language":"TypeScript JSX","code":11,"comment":1,"blank":6},"file:///c%3A/Users/vypha/OneDrive/Documents/GitHub/fish/services/react-query/auth/signOut.ts":{"language":"TypeScript","code":10,"comment":0,"blank":4},"file:///c%3A/Users/vypha/OneDrive/Documents/GitHub/fish/services/react-query/ReactQueryHydrate.tsx":{"language":"TypeScript JSX","code":5,"comment":0,"blank":2},"file:///c%3A/Users/vypha/OneDrive/Documents/GitHub/fish/services/react-query/auth/index.ts":{"language":"TypeScript","code":1,"comment":0,"blank":0},"file:///c%3A/Users/vypha/OneDrive/Documents/GitHub/fish/services/react-query/queries/index.ts":{"language":"TypeScript","code":3,"comment":0,"blank":1},"file:///c%3A/Users/vypha/OneDrive/Documents/GitHub/fish/services/react-query/queries/getSentenceSymphony.ts":{"language":"TypeScript","code":13,"comment":0,"blank":4},"file:///c%3A/Users/vypha/OneDrive/Documents/GitHub/fish/services/mongo/mongoose.ts":{"language":"TypeScript","code":24,"comment":7,"blank":7},"file:///c%3A/Users/vypha/OneDrive/Documents/GitHub/fish/services/react-query/queries/getPlayerByUsername.ts":{"language":"TypeScript","code":13,"comment":0,"blank":4},"file:///c%3A/Users/vypha/OneDrive/Documents/GitHub/fish/tailwind.config.ts":{"language":"TypeScript","code":72,"comment":0,"blank":6},"file:///c%3A/Users/vypha/OneDrive/Documents/GitHub/fish/services/react-query/queries/getPlayer.ts":{"language":"TypeScript","code":13,"comment":0,"blank":4},"file:///c%3A/Users/vypha/OneDrive/Documents/GitHub/fish/services/react-query/mutations/createSentenceSymphony.ts":{"language":"TypeScript","code":12,"comment":5,"blank":5},"file:///c%3A/Users/vypha/OneDrive/Documents/GitHub/fish/services/react-query/mutations/createPlayer.ts":{"language":"TypeScript","code":12,"comment":0,"blank":4},"file:///c%3A/Users/vypha/OneDrive/Documents/GitHub/fish/services/mongo/models/game/SentenceSymphonyGameRoom.ts":{"language":"TypeScript","code":51,"comment":0,"blank":14},"file:///c%3A/Users/vypha/OneDrive/Documents/GitHub/fish/services/react-query/mutations/index.ts":{"language":"TypeScript","code":1,"comment":0,"blank":0},"file:///c%3A/Users/vypha/OneDrive/Documents/GitHub/fish/services/mongo/models/game/index.ts":{"language":"TypeScript","code":2,"comment":4,"blank":2},"file:///c%3A/Users/vypha/OneDrive/Documents/GitHub/fish/services/mongo/index.ts":{"language":"TypeScript","code":1,"comment":4,"blank":2},"file:///c%3A/Users/vypha/OneDrive/Documents/GitHub/fish/services/mongo/models/Player.ts":{"language":"TypeScript","code":68,"comment":1,"blank":15},"file:///c%3A/Users/vypha/OneDrive/Documents/GitHub/fish/services/mongo/models/index.ts":{"language":"TypeScript","code":3,"comment":0,"blank":0},"file:///c%3A/Users/vypha/OneDrive/Documents/GitHub/fish/services/mongo/models/PlayerRoom.ts":{"language":"TypeScript","code":45,"comment":0,"blank":12},"file:///c%3A/Users/vypha/OneDrive/Documents/GitHub/fish/services/react-query/mutations/sentence-symphony/index.ts":{"language":"TypeScript","code":2,"comment":0,"blank":1},"file:///c%3A/Users/vypha/OneDrive/Documents/GitHub/fish/services/react-query/mutations/sentence-symphony/createSentenceSymphony.ts":{"language":"TypeScript","code":12,"comment":6,"blank":5},"file:///c%3A/Users/vypha/OneDrive/Documents/GitHub/fish/.eslintrc.json":{"language":"JSON","code":3,"comment":0,"blank":1},"file:///c%3A/Users/vypha/OneDrive/Documents/GitHub/fish/services/pusher/server.ts":{"language":"TypeScript","code":8,"comment":0,"blank":1},"file:///c%3A/Users/vypha/OneDrive/Documents/GitHub/fish/services/pusher/client.ts":{"language":"TypeScript","code":14,"comment":1,"blank":3},"file:///c%3A/Users/vypha/OneDrive/Documents/GitHub/fish/services/pusher/types.ts":{"language":"TypeScript","code":7,"comment":0,"blank":1},"file:///c%3A/Users/vypha/OneDrive/Documents/GitHub/fish/services/lucia/models.ts":{"language":"TypeScript","code":33,"comment":1,"blank":11},"file:///c%3A/Users/vypha/OneDrive/Documents/GitHub/fish/services/pusher/index.ts":{"language":"TypeScript","code":3,"comment":0,"blank":0},"file:///c%3A/Users/vypha/OneDrive/Documents/GitHub/fish/services/mongo/models/game/BaseGameRoom.ts":{"language":"TypeScript","code":30,"comment":0,"blank":9},"file:///c%3A/Users/vypha/OneDrive/Documents/GitHub/fish/services/lucia/functions.ts":{"language":"TypeScript","code":21,"comment":12,"blank":9},"file:///c%3A/Users/vypha/OneDrive/Documents/GitHub/fish/services/mongo/models/types.ts":{"language":"TypeScript","code":5,"comment":0,"blank":2},"file:///c%3A/Users/vypha/OneDrive/Documents/GitHub/fish/services/lucia/LuciaSessionProvider.tsx":{"language":"TypeScript JSX","code":27,"comment":10,"blank":7},"file:///c%3A/Users/vypha/OneDrive/Documents/GitHub/fish/components/SendMailPopup.tsx":{"language":"TypeScript JSX","code":72,"comment":3,"blank":4},"file:///c%3A/Users/vypha/OneDrive/Documents/GitHub/fish/components/symphony/ResponseCard.tsx":{"language":"TypeScript JSX","code":50,"comment":4,"blank":7},"file:///c%3A/Users/vypha/OneDrive/Documents/GitHub/fish/components/MailPopup.tsx":{"language":"TypeScript JSX","code":76,"comment":1,"blank":8},"file:///c%3A/Users/vypha/OneDrive/Documents/GitHub/fish/components/symphony/VoteCount.tsx":{"language":"TypeScript JSX","code":27,"comment":1,"blank":3},"file:///c%3A/Users/vypha/OneDrive/Documents/GitHub/fish/postcss.config.js":{"language":"JavaScript","code":6,"comment":0,"blank":1},"file:///c%3A/Users/vypha/OneDrive/Documents/GitHub/fish/components/symphony/PieScore.tsx":{"language":"TypeScript JSX","code":65,"comment":1,"blank":7},"file:///c%3A/Users/vypha/OneDrive/Documents/GitHub/fish/package.json":{"language":"JSON","code":44,"comment":0,"blank":1},"file:///c%3A/Users/vypha/OneDrive/Documents/GitHub/fish/components/symphony/ChatLog.tsx":{"language":"TypeScript JSX","code":163,"comment":14,"blank":13},"file:///c%3A/Users/vypha/OneDrive/Documents/GitHub/fish/services/lucia/index.ts":{"language":"TypeScript","code":28,"comment":4,"blank":6},"file:///c%3A/Users/vypha/OneDrive/Documents/GitHub/fish/next.config.js":{"language":"JavaScript","code":8,"comment":2,"blank":3},"file:///c%3A/Users/vypha/OneDrive/Documents/GitHub/fish/components/ReadMailPopup.tsx":{"language":"TypeScript JSX","code":22,"comment":7,"blank":3},"file:///c%3A/Users/vypha/OneDrive/Documents/GitHub/fish/app/layout.tsx":{"language":"TypeScript JSX","code":23,"comment":0,"blank":4},"file:///c%3A/Users/vypha/OneDrive/Documents/GitHub/fish/app/not-found.tsx":{"language":"TypeScript JSX","code":8,"comment":0,"blank":2},"file:///c%3A/Users/vypha/OneDrive/Documents/GitHub/fish/app/globals.css":{"language":"CSS","code":3,"comment":0,"blank":2},"file:///c%3A/Users/vypha/OneDrive/Documents/GitHub/fish/app/page.tsx":{"language":"TypeScript JSX","code":28,"comment":4,"blank":4},"file:///c%3A/Users/vypha/OneDrive/Documents/GitHub/fish/package-lock.json":{"language":"JSON","code":5759,"comment":0,"blank":1},"file:///c%3A/Users/vypha/OneDrive/Documents/GitHub/fish/app/TitlePageOnboarding.tsx":{"language":"TypeScript JSX","code":245,"comment":23,"blank":21},"file:///c%3A/Users/vypha/OneDrive/Documents/GitHub/fish/phaser/scenes/studyroom.ts":{"language":"TypeScript","code":15,"comment":5,"blank":5},"file:///c%3A/Users/vypha/OneDrive/Documents/GitHub/fish/global.d.ts":{"language":"TypeScript","code":4,"comment":0,"blank":1},"file:///c%3A/Users/vypha/OneDrive/Documents/GitHub/fish/app/TitlePageLogin.tsx":{"language":"TypeScript JSX","code":192,"comment":10,"blank":9},"file:///c%3A/Users/vypha/OneDrive/Documents/GitHub/fish/app/%28protected%29/layout.tsx":{"language":"TypeScript JSX","code":26,"comment":7,"blank":7},"file:///c%3A/Users/vypha/OneDrive/Documents/GitHub/fish/phaser/stores/index.ts":{"language":"TypeScript","code":2,"comment":0,"blank":0},"file:///c%3A/Users/vypha/OneDrive/Documents/GitHub/fish/phaser/scenes/exterior.ts":{"language":"TypeScript","code":196,"comment":124,"blank":59},"file:///c%3A/Users/vypha/OneDrive/Documents/GitHub/fish/phaser/stores/types.ts":{"language":"TypeScript","code":4,"comment":0,"blank":1},"file:///c%3A/Users/vypha/OneDrive/Documents/GitHub/fish/app/api/db/sentence-symphony/update/route.ts":{"language":"TypeScript","code":13,"comment":0,"blank":4},"file:///c%3A/Users/vypha/OneDrive/Documents/GitHub/fish/app/%28protected%29/example-sign-out/page.tsx":{"language":"TypeScript JSX","code":25,"comment":4,"blank":4},"file:///c%3A/Users/vypha/OneDrive/Documents/GitHub/fish/app/%28protected%29/game/%5Busername%5D/page.tsx":{"language":"TypeScript JSX","code":492,"comment":70,"blank":68},"file:///c%3A/Users/vypha/OneDrive/Documents/GitHub/fish/app/api/db/player/create/route.ts":{"language":"TypeScript","code":24,"comment":0,"blank":5},"file:///c%3A/Users/vypha/OneDrive/Documents/GitHub/fish/app/api/db/sentence-symphony/delete/route.ts":{"language":"TypeScript","code":13,"comment":0,"blank":4},"file:///c%3A/Users/vypha/OneDrive/Documents/GitHub/fish/app/api/db/player/get/route.ts":{"language":"TypeScript","code":9,"comment":0,"blank":4},"file:///c%3A/Users/vypha/OneDrive/Documents/GitHub/fish/phaser/types/player.ts":{"language":"TypeScript","code":9,"comment":0,"blank":1},"file:///c%3A/Users/vypha/OneDrive/Documents/GitHub/fish/app/%28protected%29/home/%5Busername%5D/page.tsx":{"language":"TypeScript JSX","code":112,"comment":5,"blank":16},"file:///c%3A/Users/vypha/OneDrive/Documents/GitHub/fish/app/api/db/player/get-by-username/route.ts":{"language":"TypeScript","code":13,"comment":0,"blank":5},"file:///c%3A/Users/vypha/OneDrive/Documents/GitHub/fish/phaser/types/index.ts":{"language":"TypeScript","code":1,"comment":0,"blank":0},"file:///c%3A/Users/vypha/OneDrive/Documents/GitHub/fish/phaser/scenes/interior.ts":{"language":"TypeScript","code":296,"comment":134,"blank":78},"file:///c%3A/Users/vypha/OneDrive/Documents/GitHub/fish/app/api/db/sentence-symphony/get/route.ts":{"language":"TypeScript","code":9,"comment":0,"blank":4},"file:///c%3A/Users/vypha/OneDrive/Documents/GitHub/fish/phaser/stores/useHomeStore.ts":{"language":"TypeScript","code":43,"comment":3,"blank":7},"file:///c%3A/Users/vypha/OneDrive/Documents/GitHub/fish/phaser/stores/useMultiplayerStore.ts":{"language":"TypeScript","code":94,"comment":10,"blank":12},"file:///c%3A/Users/vypha/OneDrive/Documents/GitHub/fish/app/api/db/sentence-symphony/create/route.ts":{"language":"TypeScript","code":29,"comment":0,"blank":4},"file:///c%3A/Users/vypha/OneDrive/Documents/GitHub/fish/app/%28errors%29/no-duplicate-tabs/page.tsx":{"language":"TypeScript JSX","code":6,"comment":0,"blank":2},"file:///c%3A/Users/vypha/OneDrive/Documents/GitHub/fish/phaser/functions.ts":{"language":"TypeScript","code":50,"comment":7,"blank":0},"file:///c%3A/Users/vypha/OneDrive/Documents/GitHub/fish/app/api/auth/logout/route.ts":{"language":"TypeScript","code":18,"comment":3,"blank":8},"file:///c%3A/Users/vypha/OneDrive/Documents/GitHub/fish/app/api/db/game-room/create/route.ts":{"language":"TypeScript","code":0,"comment":0,"blank":1},"file:///c%3A/Users/vypha/OneDrive/Documents/GitHub/fish/phaser/Game.tsx":{"language":"TypeScript JSX","code":81,"comment":498,"blank":90},"file:///c%3A/Users/vypha/OneDrive/Documents/GitHub/fish/app/api/auth/login/google/route.ts":{"language":"TypeScript","code":18,"comment":3,"blank":4},"file:///c%3A/Users/vypha/OneDrive/Documents/GitHub/fish/app/api/pusher/symphony/newMessage/route.ts":{"language":"TypeScript","code":14,"comment":0,"blank":4},"file:///c%3A/Users/vypha/OneDrive/Documents/GitHub/fish/app/api/pusher/symphony/submittedResponse/route.ts":{"language":"TypeScript","code":25,"comment":20,"blank":21},"file:///c%3A/Users/vypha/OneDrive/Documents/GitHub/fish/app/api/pusher/playerMoved/route.ts":{"language":"TypeScript","code":15,"comment":0,"blank":4},"file:///c%3A/Users/vypha/OneDrive/Documents/GitHub/fish/app/api/pusher/symphony/generatePrompt/route.ts":{"language":"TypeScript","code":12,"comment":0,"blank":10},"file:///c%3A/Users/vypha/OneDrive/Documents/GitHub/fish/app/api/pusher/symphony/roundChange/route.ts":{"language":"TypeScript","code":25,"comment":0,"blank":12},"file:///c%3A/Users/vypha/OneDrive/Documents/GitHub/fish/app/api/pusher/currentPlayers/route.ts":{"language":"TypeScript","code":24,"comment":1,"blank":6},"file:///c%3A/Users/vypha/OneDrive/Documents/GitHub/fish/app/api/pusher/symphony/gameTimer/route.ts":{"language":"TypeScript","code":25,"comment":1,"blank":13},"file:///c%3A/Users/vypha/OneDrive/Documents/GitHub/fish/services/react-query/mutations/sentence-symphony/submitSentence.ts":{"language":"TypeScript","code":35,"comment":1,"blank":7},"file:///c%3A/Users/vypha/OneDrive/Documents/GitHub/fish/app/api/db/game-room/get/route.ts":{"language":"TypeScript","code":0,"comment":0,"blank":1},"file:///c%3A/Users/vypha/OneDrive/Documents/GitHub/fish/README.md":{"language":"Markdown","code":23,"comment":0,"blank":14},"file:///c%3A/Users/vypha/OneDrive/Documents/GitHub/fish/app/api/auth/login/google/callback/route.ts":{"language":"TypeScript","code":57,"comment":4,"blank":11},"file:///c%3A/Users/vypha/OneDrive/Documents/GitHub/fish/app/api/pusher/auth/route.ts":{"language":"TypeScript","code":18,"comment":36,"blank":12},"file:///c%3A/Users/vypha/OneDrive/Documents/GitHub/fish/app.d.ts":{"language":"TypeScript","code":7,"comment":1,"blank":0},"file:///c%3A/Users/vypha/OneDrive/Documents/GitHub/fish/public/backgrounds/background.json":{"language":"JSON","code":41,"comment":0,"blank":0},"file:///c%3A/Users/vypha/OneDrive/Documents/GitHub/fish/public/backgrounds/interior.json":{"language":"JSON","code":41,"comment":0,"blank":1}}