{ "compressionlevel":-1,
 "height":1,
 "infinite":false,
 "layers":[
        {
         "data":[1],
         "height":1,
         "id":1,
         "name":"layer",
         "opacity":1,
         "type":"tilelayer",
         "visible":true,
         "width":1,
         "x":0,
         "y":0
        }],
 "nextlayerid":2,
 "nextobjectid":1,
 "orientation":"orthogonal",
 "renderorder":"right-down",
 "tiledversion":"1.10.2",
 "tileheight":883,
 "tilesets":[
        {
         "columns":1,
         "firstgid":1,
         "image":"homeBg.png",
         "imageheight":883,
         "imagewidth":1983,
         "margin":0,
         "name":"homeBg",
         "spacing":0,
         "tilecount":1,
         "tileheight":883,
         "tilewidth":1983
        }],
 "tilewidth":1983,
 "type":"map",
 "version":"1.10",
 "width":1
}