{ "compressionlevel":-1,
 "height":1,
 "infinite":false,
 "layers":[
        {
         "data":[1],
         "height":1,
         "id":1,
         "name":"layerTwo",
         "opacity":1,
         "type":"tilelayer",
         "visible":true,
         "width":1,
         "x":0,
         "y":0
        }],
 "nextlayerid":2,
 "nextobjectid":1,
 "orientation":"orthogonal",
 "renderorder":"right-down",
 "tiledversion":"1.10.2",
 "tileheight":1048,
 "tilesets":[
        {
         "columns":1,
         "firstgid":1,
         "image":"interior.png",
         "imageheight":1048,
         "imagewidth":1500,
         "margin":0,
         "name":"interior",
         "spacing":0,
         "tilecount":1,
         "tileheight":1048,
         "tilewidth":1500
        }],
 "tilewidth":1500,
 "type":"map",
 "version":"1.10",
 "width":1
}
