{"file:///Users/kennethchap/Documents/GitHub/fish/types/index.ts":{"language":"TypeScript","code":4,"comment":0,"blank":0},"file:///Users/kennethchap/Documents/GitHub/fish/types/GameRoomType.ts":{"language":"TypeScript","code":3,"comment":0,"blank":0},"file:///Users/kennethchap/Documents/GitHub/fish/types/CustomErrors.ts":{"language":"TypeScript","code":15,"comment":0,"blank":1},"file:///Users/kennethchap/Documents/GitHub/fish/types/PlayerRoomStatus.ts":{"language":"TypeScript","code":7,"comment":0,"blank":1},"file:///Users/kennethchap/Documents/GitHub/fish/environment.d.ts":{"language":"TypeScript","code":13,"comment":0,"blank":2},"file:///Users/kennethchap/Documents/GitHub/fish/types/AnimalSprites.ts":{"language":"TypeScript","code":14,"comment":0,"blank":0},"file:///Users/kennethchap/Documents/GitHub/fish/services/mongo/index.ts":{"language":"TypeScript","code":1,"comment":4,"blank":2},"file:///Users/kennethchap/Documents/GitHub/fish/services/lucia/functions.ts":{"language":"TypeScript","code":23,"comment":12,"blank":9},"file:///Users/kennethchap/Documents/GitHub/fish/services/lucia/LuciaSessionProvider.tsx":{"language":"TypeScript JSX","code":27,"comment":10,"blank":7},"file:///Users/kennethchap/Documents/GitHub/fish/services/lucia/models.ts":{"language":"TypeScript","code":33,"comment":1,"blank":11},"file:///Users/kennethchap/Documents/GitHub/fish/services/lucia/index.ts":{"language":"TypeScript","code":28,"comment":4,"blank":6},"file:///Users/kennethchap/Documents/GitHub/fish/services/mongo/mongoose.ts":{"language":"TypeScript","code":24,"comment":7,"blank":7},"file:///Users/kennethchap/Documents/GitHub/fish/services/mongo/models/PlayerRoom.ts":{"language":"TypeScript","code":48,"comment":0,"blank":14},"file:///Users/kennethchap/Documents/GitHub/fish/services/mongo/models/types.ts":{"language":"TypeScript","code":5,"comment":0,"blank":2},"file:///Users/kennethchap/Documents/GitHub/fish/services/mongo/models/index.ts":{"language":"TypeScript","code":3,"comment":0,"blank":0},"file:///Users/kennethchap/Documents/GitHub/fish/services/pusher/server.ts":{"language":"TypeScript","code":8,"comment":0,"blank":1},"file:///Users/kennethchap/Documents/GitHub/fish/services/pusher/index.ts":{"language":"TypeScript","code":3,"comment":0,"blank":0},"file:///Users/kennethchap/Documents/GitHub/fish/services/pusher/client.ts":{"language":"TypeScript","code":14,"comment":1,"blank":2},"file:///Users/kennethchap/Documents/GitHub/fish/services/pusher/types.ts":{"language":"TypeScript","code":7,"comment":1,"blank":1},"file:///Users/kennethchap/Documents/GitHub/fish/services/mongo/models/Player.ts":{"language":"TypeScript","code":55,"comment":0,"blank":14},"file:///Users/kennethchap/Documents/GitHub/fish/services/mongo/models/game/index.ts":{"language":"TypeScript","code":2,"comment":4,"blank":2},"file:///Users/kennethchap/Documents/GitHub/fish/services/mongo/models/game/SentenceSymphonyGameRoom.ts":{"language":"TypeScript","code":67,"comment":0,"blank":18},"file:///Users/kennethchap/Documents/GitHub/fish/services/mongo/models/game/BaseGameRoom.ts":{"language":"TypeScript","code":22,"comment":0,"blank":7},"file:///Users/kennethchap/Documents/GitHub/fish/services/react-query/index.ts":{"language":"TypeScript","code":4,"comment":0,"blank":1},"file:///Users/kennethchap/Documents/GitHub/fish/services/react-query/ReactQueryProvider.tsx":{"language":"TypeScript JSX","code":11,"comment":1,"blank":6},"file:///Users/kennethchap/Documents/GitHub/fish/phaser/functions.ts":{"language":"TypeScript","code":50,"comment":7,"blank":0},"file:///Users/kennethchap/Documents/GitHub/fish/phaser/stores/index.ts":{"language":"TypeScript","code":2,"comment":0,"blank":0},"file:///Users/kennethchap/Documents/GitHub/fish/phaser/stores/types.ts":{"language":"TypeScript","code":4,"comment":0,"blank":1},"file:///Users/kennethchap/Documents/GitHub/fish/phaser/stores/useMultiplayerStore.ts":{"language":"TypeScript","code":107,"comment":10,"blank":14},"file:///Users/kennethchap/Documents/GitHub/fish/services/react-query/queries/player/getPlayer.ts":{"language":"TypeScript","code":13,"comment":0,"blank":4},"file:///Users/kennethchap/Documents/GitHub/fish/services/react-query/queries/player/getPlayerByUsername.ts":{"language":"TypeScript","code":12,"comment":0,"blank":4},"file:///Users/kennethchap/Documents/GitHub/fish/phaser/stores/useHomeStore.ts":{"language":"TypeScript","code":43,"comment":3,"blank":7},"file:///Users/kennethchap/Documents/GitHub/fish/services/react-query/queries/player/index.ts":{"language":"TypeScript","code":2,"comment":0,"blank":0},"file:///Users/kennethchap/Documents/GitHub/fish/services/react-query/queries/sentence-symphony/index.ts":{"language":"TypeScript","code":1,"comment":0,"blank":1},"file:///Users/kennethchap/Documents/GitHub/fish/services/react-query/queries/player-room/index.ts":{"language":"TypeScript","code":1,"comment":0,"blank":0},"file:///Users/kennethchap/Documents/GitHub/fish/services/react-query/queries/sentence-symphony/getSentenceSymphony.ts":{"language":"TypeScript","code":13,"comment":0,"blank":4},"file:///Users/kennethchap/Documents/GitHub/fish/services/react-query/queries/player-room/getPlayerRoom.ts":{"language":"TypeScript","code":12,"comment":0,"blank":4},"file:///Users/kennethchap/Documents/GitHub/fish/phaser/types/index.ts":{"language":"TypeScript","code":3,"comment":0,"blank":0},"file:///Users/kennethchap/Documents/GitHub/fish/phaser/types/player.ts":{"language":"TypeScript","code":9,"comment":0,"blank":1},"file:///Users/kennethchap/Documents/GitHub/fish/phaser/types/IRequestDataParams.ts":{"language":"TypeScript","code":5,"comment":0,"blank":0},"file:///Users/kennethchap/Documents/GitHub/fish/phaser/types/ISendDataParams.ts":{"language":"TypeScript","code":6,"comment":0,"blank":1},"file:///Users/kennethchap/Documents/GitHub/fish/phaser/scenes/interior.ts":{"language":"TypeScript","code":264,"comment":166,"blank":78},"file:///Users/kennethchap/Documents/GitHub/fish/phaser/scenes/exterior.ts":{"language":"TypeScript","code":210,"comment":34,"blank":57},"file:///Users/kennethchap/Documents/GitHub/fish/phaser/scenes/studyroom.ts":{"language":"TypeScript","code":15,"comment":5,"blank":5},"file:///Users/kennethchap/Documents/GitHub/fish/phaser/Game.tsx":{"language":"TypeScript JSX","code":76,"comment":3,"blank":11},"file:///Users/kennethchap/Documents/GitHub/fish/phaser/settings/functions.ts":{"language":"TypeScript","code":18,"comment":1,"blank":2},"file:///Users/kennethchap/Documents/GitHub/fish/services/react-query/ReactQueryHydrate.tsx":{"language":"TypeScript JSX","code":5,"comment":0,"blank":2},"file:///Users/kennethchap/Documents/GitHub/fish/services/react-query/auth/index.ts":{"language":"TypeScript","code":1,"comment":0,"blank":0},"file:///Users/kennethchap/Documents/GitHub/fish/phaser/settings/consts.ts":{"language":"TypeScript","code":3,"comment":0,"blank":0},"file:///Users/kennethchap/Documents/GitHub/fish/services/react-query/auth/signOut.ts":{"language":"TypeScript","code":10,"comment":0,"blank":4},"file:///Users/kennethchap/Documents/GitHub/fish/services/react-query/mutations/player/updateCurrentRoomId.ts":{"language":"TypeScript","code":24,"comment":3,"blank":4},"file:///Users/kennethchap/Documents/GitHub/fish/services/react-query/mutations/player/index.ts":{"language":"TypeScript","code":2,"comment":0,"blank":0},"file:///Users/kennethchap/Documents/GitHub/fish/services/react-query/mutations/player-room/addPlayerToRoom.ts":{"language":"TypeScript","code":37,"comment":5,"blank":7},"file:///Users/kennethchap/Documents/GitHub/fish/services/react-query/mutations/player/createPlayer.ts":{"language":"TypeScript","code":12,"comment":0,"blank":4},"file:///Users/kennethchap/Documents/GitHub/fish/services/react-query/mutations/player-room/index.ts":{"language":"TypeScript","code":2,"comment":0,"blank":0},"file:///Users/kennethchap/Documents/GitHub/fish/services/react-query/mutations/player-room/deletePlayerFromRoom.ts":{"language":"TypeScript","code":32,"comment":7,"blank":6},"file:///Users/kennethchap/Documents/GitHub/fish/tsconfig.json":{"language":"JSON with Comments","code":29,"comment":0,"blank":1},"file:///Users/kennethchap/Documents/GitHub/fish/global.d.ts":{"language":"TypeScript","code":4,"comment":0,"blank":1},"file:///Users/kennethchap/Documents/GitHub/fish/postcss.config.js":{"language":"JavaScript","code":6,"comment":0,"blank":1},"file:///Users/kennethchap/Documents/GitHub/fish/.eslintrc.json":{"language":"JSON","code":3,"comment":0,"blank":1},"file:///Users/kennethchap/Documents/GitHub/fish/services/react-query/mutations/sentence-symphony/createSentenceSymphony.ts":{"language":"TypeScript","code":12,"comment":0,"blank":4},"file:///Users/kennethchap/Documents/GitHub/fish/package.json":{"language":"JSON","code":47,"comment":0,"blank":1},"file:///Users/kennethchap/Documents/GitHub/fish/services/react-query/mutations/sentence-symphony/index.ts":{"language":"TypeScript","code":6,"comment":0,"blank":1},"file:///Users/kennethchap/Documents/GitHub/fish/.prettierrc":{"language":"JSON","code":5,"comment":0,"blank":0},"file:///Users/kennethchap/Documents/GitHub/fish/public/backgrounds/background.json":{"language":"JSON","code":41,"comment":0,"blank":0},"file:///Users/kennethchap/Documents/GitHub/fish/services/react-query/mutations/sentence-symphony/deleteSentenceSymphony.ts":{"language":"TypeScript","code":15,"comment":0,"blank":5},"file:///Users/kennethchap/Documents/GitHub/fish/services/react-query/mutations/sentence-symphony/submitSentence.ts":{"language":"TypeScript","code":36,"comment":1,"blank":7},"file:///Users/kennethchap/Documents/GitHub/fish/services/react-query/mutations/sentence-symphony/updateVote.ts":{"language":"TypeScript","code":46,"comment":1,"blank":7},"file:///Users/kennethchap/Documents/GitHub/fish/services/react-query/mutations/sentence-symphony/startNewRound.ts":{"language":"TypeScript","code":54,"comment":5,"blank":10},"file:///Users/kennethchap/Documents/GitHub/fish/services/react-query/mutations/sentence-symphony/forceSubmissions.ts":{"language":"TypeScript","code":45,"comment":1,"blank":9},"file:///Users/kennethchap/Documents/GitHub/fish/components/SendMailPopup.tsx":{"language":"TypeScript JSX","code":72,"comment":3,"blank":4},"file:///Users/kennethchap/Documents/GitHub/fish/components/MailPopup.tsx":{"language":"TypeScript JSX","code":76,"comment":1,"blank":8},"file:///Users/kennethchap/Documents/GitHub/fish/components/ReadMailPopup.tsx":{"language":"TypeScript JSX","code":22,"comment":7,"blank":3},"file:///Users/kennethchap/Documents/GitHub/fish/components/Mail.tsx":{"language":"TypeScript JSX","code":54,"comment":7,"blank":5},"file:///Users/kennethchap/Documents/GitHub/fish/tailwind.config.ts":{"language":"TypeScript","code":80,"comment":0,"blank":7},"file:///Users/kennethchap/Documents/GitHub/fish/components/InvitePopup.tsx":{"language":"TypeScript JSX","code":72,"comment":1,"blank":8},"file:///Users/kennethchap/Documents/GitHub/fish/components/symphony/ResponseCard.tsx":{"language":"TypeScript JSX","code":85,"comment":4,"blank":7},"file:///Users/kennethchap/Documents/GitHub/fish/components/symphony/PieScore.tsx":{"language":"TypeScript JSX","code":63,"comment":2,"blank":6},"file:///Users/kennethchap/Documents/GitHub/fish/components/symphony/VoteCount.tsx":{"language":"TypeScript JSX","code":32,"comment":0,"blank":3},"file:///Users/kennethchap/Documents/GitHub/fish/components/symphony/ChatLog.tsx":{"language":"TypeScript JSX","code":158,"comment":31,"blank":13},"file:///Users/kennethchap/Documents/GitHub/fish/public/backgrounds/interior.json":{"language":"JSON","code":41,"comment":0,"blank":1},"file:///Users/kennethchap/Documents/GitHub/fish/app.d.ts":{"language":"TypeScript","code":7,"comment":1,"blank":0},"file:///Users/kennethchap/Documents/GitHub/fish/app/not-found.tsx":{"language":"TypeScript JSX","code":8,"comment":0,"blank":2},"file:///Users/kennethchap/Documents/GitHub/fish/app/page.tsx":{"language":"TypeScript JSX","code":29,"comment":4,"blank":4},"file:///Users/kennethchap/Documents/GitHub/fish/package-lock.json":{"language":"JSON","code":5779,"comment":0,"blank":1},"file:///Users/kennethchap/Documents/GitHub/fish/app/layout.tsx":{"language":"TypeScript JSX","code":23,"comment":0,"blank":4},"file:///Users/kennethchap/Documents/GitHub/fish/app/TitlePageOnboarding.tsx":{"language":"TypeScript JSX","code":245,"comment":23,"blank":21},"file:///Users/kennethchap/Documents/GitHub/fish/app/TitlePageLogin.tsx":{"language":"TypeScript JSX","code":192,"comment":10,"blank":9},"file:///Users/kennethchap/Documents/GitHub/fish/app/%28errors%29/no-duplicate-tabs/page.tsx":{"language":"TypeScript JSX","code":6,"comment":0,"blank":2},"file:///Users/kennethchap/Documents/GitHub/fish/app/%28protected%29/layout.tsx":{"language":"TypeScript JSX","code":28,"comment":7,"blank":7},"file:///Users/kennethchap/Documents/GitHub/fish/app/%28protected%29/example-sign-out/page.tsx":{"language":"TypeScript JSX","code":25,"comment":4,"blank":4},"file:///Users/kennethchap/Documents/GitHub/fish/app/api/db/sentence-symphony/create/route.ts":{"language":"TypeScript","code":29,"comment":0,"blank":4},"file:///Users/kennethchap/Documents/GitHub/fish/app/%28protected%29/game/%5Busername%5D/page.tsx":{"language":"TypeScript JSX","code":897,"comment":85,"blank":104},"file:///Users/kennethchap/Documents/GitHub/fish/app/api/db/sentence-symphony/delete/route.ts":{"language":"TypeScript","code":13,"comment":0,"blank":4},"file:///Users/kennethchap/Documents/GitHub/fish/app/api/db/player-room/get/route.ts":{"language":"TypeScript","code":9,"comment":0,"blank":4},"file:///Users/kennethchap/Documents/GitHub/fish/app/api/db/player/update/route.ts":{"language":"TypeScript","code":11,"comment":0,"blank":4},"file:///Users/kennethchap/Documents/GitHub/fish/app/api/db/player/get/route.ts":{"language":"TypeScript","code":9,"comment":0,"blank":4},"file:///Users/kennethchap/Documents/GitHub/fish/app/api/db/player-room/update/route.ts":{"language":"TypeScript","code":14,"comment":0,"blank":4},"file:///Users/kennethchap/Documents/GitHub/fish/app/api/db/player/get-by-username/route.ts":{"language":"TypeScript","code":13,"comment":0,"blank":5},"file:///Users/kennethchap/Documents/GitHub/fish/app/api/db/sentence-symphony/get/route.ts":{"language":"TypeScript","code":9,"comment":0,"blank":4},"file:///Users/kennethchap/Documents/GitHub/fish/app/api/db/player/create/route.ts":{"language":"TypeScript","code":24,"comment":0,"blank":5},"file:///Users/kennethchap/Documents/GitHub/fish/app/api/db/sentence-symphony/update/route.ts":{"language":"TypeScript","code":13,"comment":0,"blank":4},"file:///Users/kennethchap/Documents/GitHub/fish/app/%28protected%29/home/%5Busername%5D/page.tsx":{"language":"TypeScript JSX","code":211,"comment":54,"blank":30},"file:///Users/kennethchap/Documents/GitHub/fish/app/api/auth/logout/route.ts":{"language":"TypeScript","code":18,"comment":3,"blank":8},"file:///Users/kennethchap/Documents/GitHub/fish/app/api/pusher/auth/route.ts":{"language":"TypeScript","code":151,"comment":30,"blank":21},"file:///Users/kennethchap/Documents/GitHub/fish/README.md":{"language":"Markdown","code":23,"comment":0,"blank":14},"file:///Users/kennethchap/Documents/GitHub/fish/app/api/pusher/home/sendData/route.ts":{"language":"TypeScript","code":18,"comment":0,"blank":5},"file:///Users/kennethchap/Documents/GitHub/fish/app/api/auth/login/google/route.ts":{"language":"TypeScript","code":18,"comment":3,"blank":4},"file:///Users/kennethchap/Documents/GitHub/fish/app/api/auth/login/google/callback/route.ts":{"language":"TypeScript","code":58,"comment":4,"blank":12},"file:///Users/kennethchap/Documents/GitHub/fish/app/api/pusher/symphony/newMessage/route.ts":{"language":"TypeScript","code":15,"comment":0,"blank":4},"file:///Users/kennethchap/Documents/GitHub/fish/app/api/pusher/symphony/gameTimer/route.ts":{"language":"TypeScript","code":27,"comment":1,"blank":14},"file:///Users/kennethchap/Documents/GitHub/fish/app/api/pusher/symphony/roundChange/route.ts":{"language":"TypeScript","code":26,"comment":0,"blank":12},"file:///Users/kennethchap/Documents/GitHub/fish/app/api/pusher/symphony/updateData/route.ts":{"language":"TypeScript","code":13,"comment":0,"blank":10},"file:///Users/kennethchap/Documents/GitHub/fish/app/api/pusher/symphony/gameRoomCreated/route.ts":{"language":"TypeScript","code":12,"comment":0,"blank":12},"file:///Users/kennethchap/Documents/GitHub/fish/app/api/pusher/symphony/updateContributions/route.ts":{"language":"TypeScript","code":12,"comment":0,"blank":11},"file:///Users/kennethchap/Documents/GitHub/fish/app/api/pusher/symphony/generatePrompt/route.ts":{"language":"TypeScript","code":14,"comment":0,"blank":10},"file:///Users/kennethchap/Documents/GitHub/fish/app/api/pusher/home/requestData/route.ts":{"language":"TypeScript","code":17,"comment":0,"blank":5},"file:///Users/kennethchap/Documents/GitHub/fish/app/api/pusher/symphony/submittedResponse/route.ts":{"language":"TypeScript","code":26,"comment":20,"blank":21},"file:///Users/kennethchap/Documents/GitHub/fish/next.config.js":{"language":"JavaScript","code":8,"comment":2,"blank":3},"file:///Users/kennethchap/Documents/GitHub/fish/app/globals.css":{"language":"CSS","code":3,"comment":0,"blank":2}}