{"file:///c%3A/Users/vypha/OneDrive/Documents/GitHub/fish/.prettierrc":{"language":"JSON","code":5,"comment":0,"blank":0},"file:///c%3A/Users/vypha/OneDrive/Documents/GitHub/fish/components/ChatLogPhaser.tsx":{"language":"TypeScript JSX","code":189,"comment":6,"blank":13},"file:///c%3A/Users/vypha/OneDrive/Documents/GitHub/fish/next.config.js":{"language":"JavaScript","code":8,"comment":2,"blank":3},"file:///c%3A/Users/vypha/OneDrive/Documents/GitHub/fish/types/PlayerRoomStatus.ts":{"language":"TypeScript","code":7,"comment":0,"blank":1},"file:///c%3A/Users/vypha/OneDrive/Documents/GitHub/fish/components/timer.tsx":{"language":"TypeScript JSX","code":60,"comment":2,"blank":5},"file:///c%3A/Users/vypha/OneDrive/Documents/GitHub/fish/components/symphony/PieScore.tsx":{"language":"TypeScript JSX","code":63,"comment":2,"blank":6},"file:///c%3A/Users/vypha/OneDrive/Documents/GitHub/fish/components/symphony/ChatLog.tsx":{"language":"TypeScript JSX","code":157,"comment":22,"blank":12},"file:///c%3A/Users/vypha/OneDrive/Documents/GitHub/fish/components/symphony/ResponseCard.tsx":{"language":"TypeScript JSX","code":95,"comment":13,"blank":10},"file:///c%3A/Users/vypha/OneDrive/Documents/GitHub/fish/components/stopwatch.tsx":{"language":"TypeScript JSX","code":55,"comment":2,"blank":5},"file:///c%3A/Users/vypha/OneDrive/Documents/GitHub/fish/components/SendMailPopup.tsx":{"language":"TypeScript JSX","code":105,"comment":4,"blank":8},"file:///c%3A/Users/vypha/OneDrive/Documents/GitHub/fish/components/ReadMailPopup.tsx":{"language":"TypeScript JSX","code":71,"comment":0,"blank":11},"file:///c%3A/Users/vypha/OneDrive/Documents/GitHub/fish/components/symphony/VoteCount.tsx":{"language":"TypeScript JSX","code":32,"comment":0,"blank":3},"file:///c%3A/Users/vypha/OneDrive/Documents/GitHub/fish/components/Mail.tsx":{"language":"TypeScript JSX","code":94,"comment":6,"blank":8},"file:///c%3A/Users/vypha/OneDrive/Documents/GitHub/fish/components/MailPopup.tsx":{"language":"TypeScript JSX","code":74,"comment":1,"blank":9},"file:///c%3A/Users/vypha/OneDrive/Documents/GitHub/fish/components/HelpPopup.tsx":{"language":"TypeScript JSX","code":185,"comment":8,"blank":9},"file:///c%3A/Users/vypha/OneDrive/Documents/GitHub/fish/components/InvitePopup.tsx":{"language":"TypeScript JSX","code":237,"comment":5,"blank":25},"file:///c%3A/Users/vypha/OneDrive/Documents/GitHub/fish/components/EaselPopup.tsx":{"language":"TypeScript JSX","code":27,"comment":0,"blank":5},"file:///c%3A/Users/vypha/OneDrive/Documents/GitHub/fish/components/DrawingCanvas.tsx":{"language":"TypeScript JSX","code":107,"comment":26,"blank":13},"file:///c%3A/Users/vypha/OneDrive/Documents/GitHub/fish/types/index.ts":{"language":"TypeScript","code":4,"comment":0,"blank":0},"file:///c%3A/Users/vypha/OneDrive/Documents/GitHub/fish/types/GameRoomType.ts":{"language":"TypeScript","code":3,"comment":0,"blank":0},"file:///c%3A/Users/vypha/OneDrive/Documents/GitHub/fish/types/AnimalSprites.ts":{"language":"TypeScript","code":14,"comment":0,"blank":0},"file:///c%3A/Users/vypha/OneDrive/Documents/GitHub/fish/types/CustomErrors.ts":{"language":"TypeScript","code":15,"comment":0,"blank":1},"file:///c%3A/Users/vypha/OneDrive/Documents/GitHub/fish/tsconfig.json":{"language":"JSON with Comments","code":29,"comment":0,"blank":1},"file:///c%3A/Users/vypha/OneDrive/Documents/GitHub/fish/tailwind.config.ts":{"language":"TypeScript","code":90,"comment":0,"blank":10},"file:///c%3A/Users/vypha/OneDrive/Documents/GitHub/fish/services/react-query/ReactQueryProvider.tsx":{"language":"TypeScript JSX","code":11,"comment":1,"blank":6},"file:///c%3A/Users/vypha/OneDrive/Documents/GitHub/fish/services/react-query/index.ts":{"language":"TypeScript","code":4,"comment":0,"blank":1},"file:///c%3A/Users/vypha/OneDrive/Documents/GitHub/fish/services/react-query/ReactQueryHydrate.tsx":{"language":"TypeScript JSX","code":5,"comment":0,"blank":2},"file:///c%3A/Users/vypha/OneDrive/Documents/GitHub/fish/services/pusher/types.ts":{"language":"TypeScript","code":7,"comment":1,"blank":1},"file:///c%3A/Users/vypha/OneDrive/Documents/GitHub/fish/services/react-query/queries/player/getPlayer.ts":{"language":"TypeScript","code":14,"comment":0,"blank":5},"file:///c%3A/Users/vypha/OneDrive/Documents/GitHub/fish/services/pusher/server.ts":{"language":"TypeScript","code":8,"comment":0,"blank":1},"file:///c%3A/Users/vypha/OneDrive/Documents/GitHub/fish/services/react-query/queries/player/getPlayerByUsername.ts":{"language":"TypeScript","code":12,"comment":0,"blank":4},"file:///c%3A/Users/vypha/OneDrive/Documents/GitHub/fish/services/react-query/auth/signOut.ts":{"language":"TypeScript","code":10,"comment":0,"blank":4},"file:///c%3A/Users/vypha/OneDrive/Documents/GitHub/fish/services/react-query/queries/player-room/getPlayerRoom.ts":{"language":"TypeScript","code":13,"comment":0,"blank":4},"file:///c%3A/Users/vypha/OneDrive/Documents/GitHub/fish/services/react-query/queries/player-room/index.ts":{"language":"TypeScript","code":1,"comment":0,"blank":0},"file:///c%3A/Users/vypha/OneDrive/Documents/GitHub/fish/.eslintrc.json":{"language":"JSON","code":3,"comment":0,"blank":1},"file:///c%3A/Users/vypha/OneDrive/Documents/GitHub/fish/environment.d.ts":{"language":"TypeScript","code":13,"comment":0,"blank":2},"file:///c%3A/Users/vypha/OneDrive/Documents/GitHub/fish/services/react-query/queries/player/index.ts":{"language":"TypeScript","code":2,"comment":0,"blank":0},"file:///c%3A/Users/vypha/OneDrive/Documents/GitHub/fish/services/react-query/auth/index.ts":{"language":"TypeScript","code":1,"comment":0,"blank":0},"file:///c%3A/Users/vypha/OneDrive/Documents/GitHub/fish/services/react-query/mutations/player/index.ts":{"language":"TypeScript","code":3,"comment":0,"blank":0},"file:///c%3A/Users/vypha/OneDrive/Documents/GitHub/fish/services/react-query/mutations/player/deleteMail.ts":{"language":"TypeScript","code":33,"comment":6,"blank":11},"file:///c%3A/Users/vypha/OneDrive/Documents/GitHub/fish/services/react-query/mutations/player/sendMail.ts":{"language":"TypeScript","code":35,"comment":7,"blank":8},"file:///c%3A/Users/vypha/OneDrive/Documents/GitHub/fish/services/react-query/mutations/player-room/sendInvite.ts":{"language":"TypeScript","code":32,"comment":6,"blank":8},"file:///c%3A/Users/vypha/OneDrive/Documents/GitHub/fish/services/react-query/mutations/player/createPlayer.ts":{"language":"TypeScript","code":12,"comment":0,"blank":4},"file:///c%3A/Users/vypha/OneDrive/Documents/GitHub/fish/services/react-query/mutations/player-room/index.ts":{"language":"TypeScript","code":3,"comment":0,"blank":0},"file:///c%3A/Users/vypha/OneDrive/Documents/GitHub/fish/services/react-query/mutations/player-room/deletePlayerFromRoom.ts":{"language":"TypeScript","code":32,"comment":7,"blank":6},"file:///c%3A/Users/vypha/OneDrive/Documents/GitHub/fish/services/react-query/mutations/player/addInvite.ts":{"language":"TypeScript","code":28,"comment":7,"blank":6},"file:///c%3A/Users/vypha/OneDrive/Documents/GitHub/fish/services/react-query/mutations/player-room/addPlayerToRoom.ts":{"language":"TypeScript","code":40,"comment":7,"blank":8},"file:///c%3A/Users/vypha/OneDrive/Documents/GitHub/fish/services/react-query/queries/sentence-symphony/index.ts":{"language":"TypeScript","code":1,"comment":0,"blank":1},"file:///c%3A/Users/vypha/OneDrive/Documents/GitHub/fish/global.d.ts":{"language":"TypeScript","code":4,"comment":0,"blank":1},"file:///c%3A/Users/vypha/OneDrive/Documents/GitHub/fish/services/react-query/queries/sentence-symphony/getSentenceSymphony.ts":{"language":"TypeScript","code":13,"comment":0,"blank":4},"file:///c%3A/Users/vypha/OneDrive/Documents/GitHub/fish/services/react-query/mutations/sentence-symphony/index.ts":{"language":"TypeScript","code":7,"comment":0,"blank":1},"file:///c%3A/Users/vypha/OneDrive/Documents/GitHub/fish/services/react-query/mutations/sentence-symphony/startNewRound.ts":{"language":"TypeScript","code":54,"comment":5,"blank":10},"file:///c%3A/Users/vypha/OneDrive/Documents/GitHub/fish/services/react-query/mutations/sentence-symphony/updateVote.ts":{"language":"TypeScript","code":47,"comment":1,"blank":7},"file:///c%3A/Users/vypha/OneDrive/Documents/GitHub/fish/services/react-query/mutations/sentence-symphony/submitSentence.ts":{"language":"TypeScript","code":38,"comment":1,"blank":7},"file:///c%3A/Users/vypha/OneDrive/Documents/GitHub/fish/services/react-query/mutations/sentence-symphony/calculateWinner.ts":{"language":"TypeScript","code":29,"comment":3,"blank":8},"file:///c%3A/Users/vypha/OneDrive/Documents/GitHub/fish/services/react-query/mutations/player/updateCurrentRoomId.ts":{"language":"TypeScript","code":24,"comment":3,"blank":4},"file:///c%3A/Users/vypha/OneDrive/Documents/GitHub/fish/services/pusher/index.ts":{"language":"TypeScript","code":3,"comment":0,"blank":0},"file:///c%3A/Users/vypha/OneDrive/Documents/GitHub/fish/services/pusher/client.ts":{"language":"TypeScript","code":14,"comment":1,"blank":2},"file:///c%3A/Users/vypha/OneDrive/Documents/GitHub/fish/services/lucia/index.ts":{"language":"TypeScript","code":28,"comment":4,"blank":6},"file:///c%3A/Users/vypha/OneDrive/Documents/GitHub/fish/services/lucia/models.ts":{"language":"TypeScript","code":33,"comment":1,"blank":11},"file:///c%3A/Users/vypha/OneDrive/Documents/GitHub/fish/services/lucia/functions.ts":{"language":"TypeScript","code":23,"comment":12,"blank":9},"file:///c%3A/Users/vypha/OneDrive/Documents/GitHub/fish/services/mongo/mongoose.ts":{"language":"TypeScript","code":24,"comment":7,"blank":7},"file:///c%3A/Users/vypha/OneDrive/Documents/GitHub/fish/services/lucia/LuciaSessionProvider.tsx":{"language":"TypeScript JSX","code":27,"comment":10,"blank":7},"file:///c%3A/Users/vypha/OneDrive/Documents/GitHub/fish/services/mongo/index.ts":{"language":"TypeScript","code":1,"comment":4,"blank":2},"file:///c%3A/Users/vypha/OneDrive/Documents/GitHub/fish/services/react-query/mutations/sentence-symphony/forceSubmissions.ts":{"language":"TypeScript","code":46,"comment":1,"blank":9},"file:///c%3A/Users/vypha/OneDrive/Documents/GitHub/fish/services/mongo/models/index.ts":{"language":"TypeScript","code":3,"comment":0,"blank":0},"file:///c%3A/Users/vypha/OneDrive/Documents/GitHub/fish/services/react-query/mutations/sentence-symphony/deleteSentenceSymphony.ts":{"language":"TypeScript","code":15,"comment":0,"blank":5},"file:///c%3A/Users/vypha/OneDrive/Documents/GitHub/fish/services/mongo/models/PlayerRoom.ts":{"language":"TypeScript","code":48,"comment":0,"blank":14},"file:///c%3A/Users/vypha/OneDrive/Documents/GitHub/fish/services/mongo/models/Player.ts":{"language":"TypeScript","code":57,"comment":0,"blank":15},"file:///c%3A/Users/vypha/OneDrive/Documents/GitHub/fish/services/mongo/models/game/SentenceSymphonyGameRoom.ts":{"language":"TypeScript","code":67,"comment":0,"blank":18},"file:///c%3A/Users/vypha/OneDrive/Documents/GitHub/fish/services/mongo/models/game/index.ts":{"language":"TypeScript","code":2,"comment":4,"blank":2},"file:///c%3A/Users/vypha/OneDrive/Documents/GitHub/fish/services/react-query/mutations/sentence-symphony/createSentenceSymphony.ts":{"language":"TypeScript","code":12,"comment":0,"blank":4},"file:///c%3A/Users/vypha/OneDrive/Documents/GitHub/fish/package.json":{"language":"JSON","code":49,"comment":0,"blank":1},"file:///c%3A/Users/vypha/OneDrive/Documents/GitHub/fish/services/mongo/models/game/BaseGameRoom.ts":{"language":"TypeScript","code":22,"comment":0,"blank":7},"file:///c%3A/Users/vypha/OneDrive/Documents/GitHub/fish/postcss.config.js":{"language":"JavaScript","code":6,"comment":0,"blank":1},"file:///c%3A/Users/vypha/OneDrive/Documents/GitHub/fish/phaser/stores/useMultiplayerStore.ts":{"language":"TypeScript","code":107,"comment":10,"blank":15},"file:///c%3A/Users/vypha/OneDrive/Documents/GitHub/fish/phaser/stores/types.ts":{"language":"TypeScript","code":4,"comment":0,"blank":1},"file:///c%3A/Users/vypha/OneDrive/Documents/GitHub/fish/phaser/stores/useHomeStore.ts":{"language":"TypeScript","code":64,"comment":4,"blank":8},"file:///c%3A/Users/vypha/OneDrive/Documents/GitHub/fish/phaser/stores/index.ts":{"language":"TypeScript","code":2,"comment":0,"blank":0},"file:///c%3A/Users/vypha/OneDrive/Documents/GitHub/fish/phaser/types/player.ts":{"language":"TypeScript","code":9,"comment":0,"blank":1},"file:///c%3A/Users/vypha/OneDrive/Documents/GitHub/fish/phaser/types/IRedirectParams.ts":{"language":"TypeScript","code":5,"comment":0,"blank":0},"file:///c%3A/Users/vypha/OneDrive/Documents/GitHub/fish/phaser/types/ISendDataParams.ts":{"language":"TypeScript","code":6,"comment":0,"blank":1},"file:///c%3A/Users/vypha/OneDrive/Documents/GitHub/fish/phaser/types/index.ts":{"language":"TypeScript","code":3,"comment":0,"blank":0},"file:///c%3A/Users/vypha/OneDrive/Documents/GitHub/fish/phaser/settings/consts.ts":{"language":"TypeScript","code":3,"comment":0,"blank":0},"file:///c%3A/Users/vypha/OneDrive/Documents/GitHub/fish/phaser/Game.tsx":{"language":"TypeScript JSX","code":85,"comment":3,"blank":11},"file:///c%3A/Users/vypha/OneDrive/Documents/GitHub/fish/services/mongo/models/types.ts":{"language":"TypeScript","code":5,"comment":0,"blank":2},"file:///c%3A/Users/vypha/OneDrive/Documents/GitHub/fish/package-lock.json":{"language":"JSON","code":5800,"comment":0,"blank":1},"file:///c%3A/Users/vypha/OneDrive/Documents/GitHub/fish/phaser/settings/functions.ts":{"language":"TypeScript","code":18,"comment":1,"blank":2},"file:///c%3A/Users/vypha/OneDrive/Documents/GitHub/fish/phaser/functions.ts":{"language":"TypeScript","code":56,"comment":7,"blank":5},"file:///c%3A/Users/vypha/OneDrive/Documents/GitHub/fish/phaser/scenes/exterior.ts":{"language":"TypeScript","code":278,"comment":38,"blank":86},"file:///c%3A/Users/vypha/OneDrive/Documents/GitHub/fish/public/backgrounds/background.json":{"language":"JSON","code":41,"comment":0,"blank":0},"file:///c%3A/Users/vypha/OneDrive/Documents/GitHub/fish/app/TitlePageLogin.tsx":{"language":"TypeScript JSX","code":228,"comment":12,"blank":9},"file:///c%3A/Users/vypha/OneDrive/Documents/GitHub/fish/phaser/scenes/studyroom.ts":{"language":"TypeScript","code":58,"comment":3,"blank":36},"file:///c%3A/Users/vypha/OneDrive/Documents/GitHub/fish/app/page.tsx":{"language":"TypeScript JSX","code":29,"comment":4,"blank":4},"file:///c%3A/Users/vypha/OneDrive/Documents/GitHub/fish/phaser/scenes/interior.ts":{"language":"TypeScript","code":287,"comment":166,"blank":84},"file:///c%3A/Users/vypha/OneDrive/Documents/GitHub/fish/app/TitlePageOnboarding.tsx":{"language":"TypeScript JSX","code":245,"comment":23,"blank":21},"file:///c%3A/Users/vypha/OneDrive/Documents/GitHub/fish/app/not-found.tsx":{"language":"TypeScript JSX","code":10,"comment":0,"blank":2},"file:///c%3A/Users/vypha/OneDrive/Documents/GitHub/fish/app/globals.css":{"language":"CSS","code":3,"comment":0,"blank":2},"file:///c%3A/Users/vypha/OneDrive/Documents/GitHub/fish/app/layout.tsx":{"language":"TypeScript JSX","code":26,"comment":0,"blank":4},"file:///c%3A/Users/vypha/OneDrive/Documents/GitHub/fish/app/api/pusher/symphony/updateResponses/route.ts":{"language":"TypeScript","code":13,"comment":0,"blank":11},"file:///c%3A/Users/vypha/OneDrive/Documents/GitHub/fish/app/api/pusher/symphony/updateStory/route.ts":{"language":"TypeScript","code":12,"comment":0,"blank":11},"file:///c%3A/Users/vypha/OneDrive/Documents/GitHub/fish/app/api/pusher/symphony/updateData/route.ts":{"language":"TypeScript","code":15,"comment":0,"blank":10},"file:///c%3A/Users/vypha/OneDrive/Documents/GitHub/fish/app/api/pusher/symphony/topContributor/route.ts":{"language":"TypeScript","code":13,"comment":0,"blank":10},"file:///c%3A/Users/vypha/OneDrive/Documents/GitHub/fish/app/api/pusher/symphony/submitResponse/route.ts":{"language":"TypeScript","code":35,"comment":4,"blank":18},"file:///c%3A/Users/vypha/OneDrive/Documents/GitHub/fish/app/api/pusher/symphony/submittedResponse/route.ts":{"language":"TypeScript","code":20,"comment":5,"blank":14},"file:///c%3A/Users/vypha/OneDrive/Documents/GitHub/fish/app/api/pusher/symphony/roundChange/route.ts":{"language":"TypeScript","code":26,"comment":0,"blank":12},"file:///c%3A/Users/vypha/OneDrive/Documents/GitHub/fish/app/api/pusher/symphony/newMessage/route.ts":{"language":"TypeScript","code":15,"comment":0,"blank":4},"file:///c%3A/Users/vypha/OneDrive/Documents/GitHub/fish/app/api/db/player/get/route.ts":{"language":"TypeScript","code":9,"comment":0,"blank":4},"file:///c%3A/Users/vypha/OneDrive/Documents/GitHub/fish/app/api/pusher/symphony/generatePrompt/route.ts":{"language":"TypeScript","code":13,"comment":0,"blank":11},"file:///c%3A/Users/vypha/OneDrive/Documents/GitHub/fish/app/api/pusher/symphony/gameRoomCreated/route.ts":{"language":"TypeScript","code":12,"comment":0,"blank":12},"file:///c%3A/Users/vypha/OneDrive/Documents/GitHub/fish/app/api/pusher/symphony/newRound/route.ts":{"language":"TypeScript","code":12,"comment":2,"blank":11},"file:///c%3A/Users/vypha/OneDrive/Documents/GitHub/fish/app/api/pusher/auth/route.ts":{"language":"TypeScript","code":154,"comment":30,"blank":21},"file:///c%3A/Users/vypha/OneDrive/Documents/GitHub/fish/app/api/pusher/symphony/gameTimer/route.ts":{"language":"TypeScript","code":30,"comment":1,"blank":17},"file:///c%3A/Users/vypha/OneDrive/Documents/GitHub/fish/app/api/db/player/update/route.ts":{"language":"TypeScript","code":11,"comment":0,"blank":4},"file:///c%3A/Users/vypha/OneDrive/Documents/GitHub/fish/app/api/db/sentence-symphony/get/route.ts":{"language":"TypeScript","code":9,"comment":0,"blank":4},"file:///c%3A/Users/vypha/OneDrive/Documents/GitHub/fish/app/api/db/player-room/get/route.ts":{"language":"TypeScript","code":9,"comment":0,"blank":4},"file:///c%3A/Users/vypha/OneDrive/Documents/GitHub/fish/app/api/pusher/home/sendData/route.ts":{"language":"TypeScript","code":18,"comment":0,"blank":5},"file:///c%3A/Users/vypha/OneDrive/Documents/GitHub/fish/app/api/pusher/symphony/updateContributions/route.ts":{"language":"TypeScript","code":21,"comment":0,"blank":10},"file:///c%3A/Users/vypha/OneDrive/Documents/GitHub/fish/app/api/db/sentence-symphony/update/route.ts":{"language":"TypeScript","code":14,"comment":0,"blank":4},"file:///c%3A/Users/vypha/OneDrive/Documents/GitHub/fish/app/api/db/player-room/update/route.ts":{"language":"TypeScript","code":14,"comment":0,"blank":4},"file:///c%3A/Users/vypha/OneDrive/Documents/GitHub/fish/app/api/db/sentence-symphony/delete/route.ts":{"language":"TypeScript","code":13,"comment":0,"blank":4},"file:///c%3A/Users/vypha/OneDrive/Documents/GitHub/fish/app/api/db/player/create/route.ts":{"language":"TypeScript","code":24,"comment":0,"blank":5},"file:///c%3A/Users/vypha/OneDrive/Documents/GitHub/fish/app/api/pusher/home/chatLog/route.ts":{"language":"TypeScript","code":15,"comment":0,"blank":4},"file:///c%3A/Users/vypha/OneDrive/Documents/GitHub/fish/app/api/db/player/get-by-username/route.ts":{"language":"TypeScript","code":13,"comment":0,"blank":5},"file:///c%3A/Users/vypha/OneDrive/Documents/GitHub/fish/app/api/db/sentence-symphony/create/route.ts":{"language":"TypeScript","code":29,"comment":0,"blank":4},"file:///c%3A/Users/vypha/OneDrive/Documents/GitHub/fish/app/%28protected%29/layout.tsx":{"language":"TypeScript JSX","code":28,"comment":7,"blank":7},"file:///c%3A/Users/vypha/OneDrive/Documents/GitHub/fish/app/api/pusher/shared/redirect/route.ts":{"language":"TypeScript","code":18,"comment":0,"blank":5},"file:///c%3A/Users/vypha/OneDrive/Documents/GitHub/fish/app/api/pusher/home/changeScene/route.ts":{"language":"TypeScript","code":15,"comment":0,"blank":4},"file:///c%3A/Users/vypha/OneDrive/Documents/GitHub/fish/app/api/auth/logout/route.ts":{"language":"TypeScript","code":18,"comment":3,"blank":8},"file:///c%3A/Users/vypha/OneDrive/Documents/GitHub/fish/app/%28errors%29/no-duplicate-tabs/page.tsx":{"language":"TypeScript JSX","code":6,"comment":0,"blank":2},"file:///c%3A/Users/vypha/OneDrive/Documents/GitHub/fish/app/%28errors%29/error/page.tsx":{"language":"TypeScript JSX","code":33,"comment":0,"blank":2},"file:///c%3A/Users/vypha/OneDrive/Documents/GitHub/fish/app/api/auth/login/google/route.ts":{"language":"TypeScript","code":18,"comment":3,"blank":4},"file:///c%3A/Users/vypha/OneDrive/Documents/GitHub/fish/app/api/auth/login/google/callback/route.ts":{"language":"TypeScript","code":59,"comment":4,"blank":12},"file:///c%3A/Users/vypha/OneDrive/Documents/GitHub/fish/app/%28protected%29/home/%5Busername%5D/page.tsx":{"language":"TypeScript JSX","code":449,"comment":80,"blank":60},"file:///c%3A/Users/vypha/OneDrive/Documents/GitHub/fish/app/%28protected%29/game/%5Busername%5D/page.tsx":{"language":"TypeScript JSX","code":1061,"comment":129,"blank":137},"file:///c%3A/Users/vypha/OneDrive/Documents/GitHub/fish/app/%28protected%29/example-sign-out/page.tsx":{"language":"TypeScript JSX","code":25,"comment":4,"blank":4},"file:///c%3A/Users/vypha/OneDrive/Documents/GitHub/fish/README.md":{"language":"Markdown","code":23,"comment":0,"blank":14},"file:///c%3A/Users/vypha/OneDrive/Documents/GitHub/fish/public/backgrounds/interior.json":{"language":"JSON","code":41,"comment":0,"blank":1},"file:///c%3A/Users/vypha/OneDrive/Documents/GitHub/fish/app.d.ts":{"language":"TypeScript","code":7,"comment":1,"blank":0}}