"filename", "language", "TypeScript", "TypeScript JSX", "JavaScript", "JSON", "JSON with Comments", "Markdown", "CSS", "comment", "blank", "total"
"/Users/kennethchap/Documents/GitHub/fish/.eslintrc.json", "JSON", 0, 0, 0, 3, 0, 0, 0, 0, 1, 4
"/Users/kennethchap/Documents/GitHub/fish/.prettierrc", "JSON", 0, 0, 0, 5, 0, 0, 0, 0, 0, 5
"/Users/kennethchap/Documents/GitHub/fish/README.md", "Markdown", 0, 0, 0, 0, 0, 44, 0, 0, 11, 55
"/Users/kennethchap/Documents/GitHub/fish/app.d.ts", "TypeScript", 7, 0, 0, 0, 0, 0, 0, 1, 0, 8
"/Users/kennethchap/Documents/GitHub/fish/app/(errors)/error/page.tsx", "TypeScript JSX", 0, 50, 0, 0, 0, 0, 0, 0, 5, 55
"/Users/kennethchap/Documents/GitHub/fish/app/(errors)/no-duplicate-tabs/page.tsx", "TypeScript JSX", 0, 6, 0, 0, 0, 0, 0, 0, 2, 8
"/Users/kennethchap/Documents/GitHub/fish/app/(protected)/game/[username]/page.tsx", "TypeScript JSX", 0, 1068, 0, 0, 0, 0, 0, 162, 144, 1374
"/Users/kennethchap/Documents/GitHub/fish/app/(protected)/home/[username]/page.tsx", "TypeScript JSX", 0, 525, 0, 0, 0, 0, 0, 81, 59, 665
"/Users/kennethchap/Documents/GitHub/fish/app/(protected)/layout.tsx", "TypeScript JSX", 0, 28, 0, 0, 0, 0, 0, 7, 7, 42
"/Users/kennethchap/Documents/GitHub/fish/app/TitlePageLogin.tsx", "TypeScript JSX", 0, 247, 0, 0, 0, 0, 0, 13, 9, 269
"/Users/kennethchap/Documents/GitHub/fish/app/TitlePageOnboarding.tsx", "TypeScript JSX", 0, 266, 0, 0, 0, 0, 0, 24, 23, 313
"/Users/kennethchap/Documents/GitHub/fish/app/api/auth/login/google/callback/route.ts", "TypeScript", 59, 0, 0, 0, 0, 0, 0, 4, 12, 75
"/Users/kennethchap/Documents/GitHub/fish/app/api/auth/login/google/route.ts", "TypeScript", 18, 0, 0, 0, 0, 0, 0, 3, 4, 25
"/Users/kennethchap/Documents/GitHub/fish/app/api/auth/logout/route.ts", "TypeScript", 18, 0, 0, 0, 0, 0, 0, 3, 8, 29
"/Users/kennethchap/Documents/GitHub/fish/app/api/db/player-room/get/route.ts", "TypeScript", 9, 0, 0, 0, 0, 0, 0, 0, 4, 13
"/Users/kennethchap/Documents/GitHub/fish/app/api/db/player-room/update/route.ts", "TypeScript", 14, 0, 0, 0, 0, 0, 0, 0, 4, 18
"/Users/kennethchap/Documents/GitHub/fish/app/api/db/player/create/route.ts", "TypeScript", 24, 0, 0, 0, 0, 0, 0, 0, 5, 29
"/Users/kennethchap/Documents/GitHub/fish/app/api/db/player/get-by-username/route.ts", "TypeScript", 13, 0, 0, 0, 0, 0, 0, 0, 5, 18
"/Users/kennethchap/Documents/GitHub/fish/app/api/db/player/get/route.ts", "TypeScript", 9, 0, 0, 0, 0, 0, 0, 0, 4, 13
"/Users/kennethchap/Documents/GitHub/fish/app/api/db/player/update/route.ts", "TypeScript", 11, 0, 0, 0, 0, 0, 0, 0, 4, 15
"/Users/kennethchap/Documents/GitHub/fish/app/api/db/sentence-symphony/create/route.ts", "TypeScript", 29, 0, 0, 0, 0, 0, 0, 0, 4, 33
"/Users/kennethchap/Documents/GitHub/fish/app/api/db/sentence-symphony/delete/route.ts", "TypeScript", 13, 0, 0, 0, 0, 0, 0, 0, 4, 17
"/Users/kennethchap/Documents/GitHub/fish/app/api/db/sentence-symphony/get/route.ts", "TypeScript", 9, 0, 0, 0, 0, 0, 0, 0, 4, 13
"/Users/kennethchap/Documents/GitHub/fish/app/api/db/sentence-symphony/update/route.ts", "TypeScript", 14, 0, 0, 0, 0, 0, 0, 0, 4, 18
"/Users/kennethchap/Documents/GitHub/fish/app/api/pusher/auth/route.ts", "TypeScript", 155, 0, 0, 0, 0, 0, 0, 30, 21, 206
"/Users/kennethchap/Documents/GitHub/fish/app/api/pusher/home/changeScene/route.ts", "TypeScript", 13, 0, 0, 0, 0, 0, 0, 0, 5, 18
"/Users/kennethchap/Documents/GitHub/fish/app/api/pusher/home/chatLog/route.ts", "TypeScript", 15, 0, 0, 0, 0, 0, 0, 0, 4, 19
"/Users/kennethchap/Documents/GitHub/fish/app/api/pusher/home/sendPlayerData/route.ts", "TypeScript", 18, 0, 0, 0, 0, 0, 0, 0, 5, 23
"/Users/kennethchap/Documents/GitHub/fish/app/api/pusher/home/updatePlayers/route.ts", "TypeScript", 12, 0, 0, 0, 0, 0, 0, 0, 9, 21
"/Users/kennethchap/Documents/GitHub/fish/app/api/pusher/shared/redirect/route.ts", "TypeScript", 31, 0, 0, 0, 0, 0, 0, 1, 8, 40
"/Users/kennethchap/Documents/GitHub/fish/app/api/pusher/symphony/gameRoomCreated/route.ts", "TypeScript", 12, 0, 0, 0, 0, 0, 0, 0, 12, 24
"/Users/kennethchap/Documents/GitHub/fish/app/api/pusher/symphony/gameTimer/route.ts", "TypeScript", 29, 0, 0, 0, 0, 0, 0, 1, 18, 48
"/Users/kennethchap/Documents/GitHub/fish/app/api/pusher/symphony/generatePrompt/route.ts", "TypeScript", 13, 0, 0, 0, 0, 0, 0, 0, 11, 24
"/Users/kennethchap/Documents/GitHub/fish/app/api/pusher/symphony/newMessage/route.ts", "TypeScript", 15, 0, 0, 0, 0, 0, 0, 0, 5, 20
"/Users/kennethchap/Documents/GitHub/fish/app/api/pusher/symphony/newRound/route.ts", "TypeScript", 12, 0, 0, 0, 0, 0, 0, 2, 11, 25
"/Users/kennethchap/Documents/GitHub/fish/app/api/pusher/symphony/roundChange/route.ts", "TypeScript", 26, 0, 0, 0, 0, 0, 0, 0, 12, 38
"/Users/kennethchap/Documents/GitHub/fish/app/api/pusher/symphony/submitResponse/route.ts", "TypeScript", 35, 0, 0, 0, 0, 0, 0, 4, 18, 57
"/Users/kennethchap/Documents/GitHub/fish/app/api/pusher/symphony/submittedResponse/route.ts", "TypeScript", 20, 0, 0, 0, 0, 0, 0, 5, 14, 39
"/Users/kennethchap/Documents/GitHub/fish/app/api/pusher/symphony/topContributor/route.ts", "TypeScript", 13, 0, 0, 0, 0, 0, 0, 0, 10, 23
"/Users/kennethchap/Documents/GitHub/fish/app/api/pusher/symphony/updateContributions/route.ts", "TypeScript", 21, 0, 0, 0, 0, 0, 0, 0, 10, 31
"/Users/kennethchap/Documents/GitHub/fish/app/api/pusher/symphony/updateData/route.ts", "TypeScript", 15, 0, 0, 0, 0, 0, 0, 0, 10, 25
"/Users/kennethchap/Documents/GitHub/fish/app/api/pusher/symphony/updateResponses/route.ts", "TypeScript", 13, 0, 0, 0, 0, 0, 0, 0, 11, 24
"/Users/kennethchap/Documents/GitHub/fish/app/api/pusher/symphony/updateStory/route.ts", "TypeScript", 12, 0, 0, 0, 0, 0, 0, 0, 11, 23
"/Users/kennethchap/Documents/GitHub/fish/app/globals.css", "CSS", 0, 0, 0, 0, 0, 0, 9, 1, 3, 13
"/Users/kennethchap/Documents/GitHub/fish/app/layout.tsx", "TypeScript JSX", 0, 26, 0, 0, 0, 0, 0, 0, 4, 30
"/Users/kennethchap/Documents/GitHub/fish/app/not-found.tsx", "TypeScript JSX", 0, 10, 0, 0, 0, 0, 0, 0, 2, 12
"/Users/kennethchap/Documents/GitHub/fish/app/page.tsx", "TypeScript JSX", 0, 29, 0, 0, 0, 0, 0, 4, 4, 37
"/Users/kennethchap/Documents/GitHub/fish/components/ChatLogPhaser.tsx", "TypeScript JSX", 0, 193, 0, 0, 0, 0, 0, 6, 13, 212
"/Users/kennethchap/Documents/GitHub/fish/components/DrawingCanvas.tsx", "TypeScript JSX", 0, 107, 0, 0, 0, 0, 0, 26, 13, 146
"/Users/kennethchap/Documents/GitHub/fish/components/EaselPopup.tsx", "TypeScript JSX", 0, 27, 0, 0, 0, 0, 0, 0, 5, 32
"/Users/kennethchap/Documents/GitHub/fish/components/GamePopup.tsx", "TypeScript JSX", 0, 120, 0, 0, 0, 0, 0, 2, 17, 139
"/Users/kennethchap/Documents/GitHub/fish/components/HelpPopup.tsx", "TypeScript JSX", 0, 201, 0, 0, 0, 0, 0, 8, 9, 218
"/Users/kennethchap/Documents/GitHub/fish/components/InvitePopup.tsx", "TypeScript JSX", 0, 243, 0, 0, 0, 0, 0, 5, 25, 273
"/Users/kennethchap/Documents/GitHub/fish/components/Mail.tsx", "TypeScript JSX", 0, 94, 0, 0, 0, 0, 0, 6, 8, 108
"/Users/kennethchap/Documents/GitHub/fish/components/MailPopup.tsx", "TypeScript JSX", 0, 74, 0, 0, 0, 0, 0, 1, 9, 84
"/Users/kennethchap/Documents/GitHub/fish/components/ReadMailPopup.tsx", "TypeScript JSX", 0, 71, 0, 0, 0, 0, 0, 0, 11, 82
"/Users/kennethchap/Documents/GitHub/fish/components/SendMailPopup.tsx", "TypeScript JSX", 0, 108, 0, 0, 0, 0, 0, 4, 8, 120
"/Users/kennethchap/Documents/GitHub/fish/components/stopwatch.tsx", "TypeScript JSX", 0, 54, 0, 0, 0, 0, 0, 2, 5, 61
"/Users/kennethchap/Documents/GitHub/fish/components/symphony/ChatLog.tsx", "TypeScript JSX", 0, 157, 0, 0, 0, 0, 0, 22, 12, 191
"/Users/kennethchap/Documents/GitHub/fish/components/symphony/PieScore.tsx", "TypeScript JSX", 0, 63, 0, 0, 0, 0, 0, 2, 6, 71
"/Users/kennethchap/Documents/GitHub/fish/components/symphony/ResponseCard.tsx", "TypeScript JSX", 0, 95, 0, 0, 0, 0, 0, 13, 10, 118
"/Users/kennethchap/Documents/GitHub/fish/components/symphony/VoteCount.tsx", "TypeScript JSX", 0, 32, 0, 0, 0, 0, 0, 0, 3, 35
"/Users/kennethchap/Documents/GitHub/fish/components/timer.tsx", "TypeScript JSX", 0, 60, 0, 0, 0, 0, 0, 2, 5, 67
"/Users/kennethchap/Documents/GitHub/fish/environment.d.ts", "TypeScript", 13, 0, 0, 0, 0, 0, 0, 0, 2, 15
"/Users/kennethchap/Documents/GitHub/fish/global.d.ts", "TypeScript", 4, 0, 0, 0, 0, 0, 0, 0, 1, 5
"/Users/kennethchap/Documents/GitHub/fish/next.config.js", "JavaScript", 0, 0, 8, 0, 0, 0, 0, 2, 3, 13
"/Users/kennethchap/Documents/GitHub/fish/package-lock.json", "JSON", 0, 0, 0, 5744, 0, 0, 0, 0, 1, 5745
"/Users/kennethchap/Documents/GitHub/fish/package.json", "JSON", 0, 0, 0, 51, 0, 0, 0, 0, 1, 52
"/Users/kennethchap/Documents/GitHub/fish/phaser/Game.tsx", "TypeScript JSX", 0, 83, 0, 0, 0, 0, 0, 3, 11, 97
"/Users/kennethchap/Documents/GitHub/fish/phaser/functions.ts", "TypeScript", 106, 0, 0, 0, 0, 0, 0, 35, 19, 160
"/Users/kennethchap/Documents/GitHub/fish/phaser/scenes/exterior.ts", "TypeScript", 311, 0, 0, 0, 0, 0, 0, 30, 74, 415
"/Users/kennethchap/Documents/GitHub/fish/phaser/scenes/interior.ts", "TypeScript", 326, 0, 0, 0, 0, 0, 0, 147, 86, 559
"/Users/kennethchap/Documents/GitHub/fish/phaser/scenes/studyroom.ts", "TypeScript", 96, 0, 0, 0, 0, 0, 0, 4, 65, 165
"/Users/kennethchap/Documents/GitHub/fish/phaser/settings/consts.ts", "TypeScript", 4, 0, 0, 0, 0, 0, 0, 0, 0, 4
"/Users/kennethchap/Documents/GitHub/fish/phaser/settings/functions.ts", "TypeScript", 19, 0, 0, 0, 0, 0, 0, 1, 1, 21
"/Users/kennethchap/Documents/GitHub/fish/phaser/stores/index.ts", "TypeScript", 2, 0, 0, 0, 0, 0, 0, 0, 0, 2
"/Users/kennethchap/Documents/GitHub/fish/phaser/stores/types.ts", "TypeScript", 4, 0, 0, 0, 0, 0, 0, 0, 1, 5
"/Users/kennethchap/Documents/GitHub/fish/phaser/stores/useHomeStore.ts", "TypeScript", 70, 0, 0, 0, 0, 0, 0, 4, 8, 82
"/Users/kennethchap/Documents/GitHub/fish/phaser/stores/useMultiplayerStore.ts", "TypeScript", 144, 0, 0, 0, 0, 0, 0, 9, 18, 171
"/Users/kennethchap/Documents/GitHub/fish/phaser/types/IChangeSceneParams.ts", "TypeScript", 6, 0, 0, 0, 0, 0, 0, 0, 1, 7
"/Users/kennethchap/Documents/GitHub/fish/phaser/types/IRedirectParams.ts", "TypeScript", 5, 0, 0, 0, 0, 0, 0, 0, 0, 5
"/Users/kennethchap/Documents/GitHub/fish/phaser/types/ISendPlayerDataParams.ts", "TypeScript", 6, 0, 0, 0, 0, 0, 0, 0, 1, 7
"/Users/kennethchap/Documents/GitHub/fish/phaser/types/index.ts", "TypeScript", 4, 0, 0, 0, 0, 0, 0, 0, 0, 4
"/Users/kennethchap/Documents/GitHub/fish/phaser/types/player.ts", "TypeScript", 9, 0, 0, 0, 0, 0, 0, 0, 1, 10
"/Users/kennethchap/Documents/GitHub/fish/postcss.config.js", "JavaScript", 0, 0, 6, 0, 0, 0, 0, 0, 1, 7
"/Users/kennethchap/Documents/GitHub/fish/public/backgrounds/background.json", "JSON", 0, 0, 0, 41, 0, 0, 0, 0, 0, 41
"/Users/kennethchap/Documents/GitHub/fish/public/backgrounds/interior.json", "JSON", 0, 0, 0, 41, 0, 0, 0, 0, 1, 42
"/Users/kennethchap/Documents/GitHub/fish/services/lucia/LuciaSessionProvider.tsx", "TypeScript JSX", 0, 27, 0, 0, 0, 0, 0, 10, 7, 44
"/Users/kennethchap/Documents/GitHub/fish/services/lucia/functions.ts", "TypeScript", 22, 0, 0, 0, 0, 0, 0, 12, 11, 45
"/Users/kennethchap/Documents/GitHub/fish/services/lucia/index.ts", "TypeScript", 28, 0, 0, 0, 0, 0, 0, 4, 6, 38
"/Users/kennethchap/Documents/GitHub/fish/services/lucia/models.ts", "TypeScript", 33, 0, 0, 0, 0, 0, 0, 1, 11, 45
"/Users/kennethchap/Documents/GitHub/fish/services/mongo/index.ts", "TypeScript", 1, 0, 0, 0, 0, 0, 0, 4, 2, 7
"/Users/kennethchap/Documents/GitHub/fish/services/mongo/models/Player.ts", "TypeScript", 57, 0, 0, 0, 0, 0, 0, 0, 15, 72
"/Users/kennethchap/Documents/GitHub/fish/services/mongo/models/PlayerRoom.ts", "TypeScript", 48, 0, 0, 0, 0, 0, 0, 0, 14, 62
"/Users/kennethchap/Documents/GitHub/fish/services/mongo/models/game/BaseGameRoom.ts", "TypeScript", 22, 0, 0, 0, 0, 0, 0, 0, 7, 29
"/Users/kennethchap/Documents/GitHub/fish/services/mongo/models/game/SentenceSymphonyGameRoom.ts", "TypeScript", 67, 0, 0, 0, 0, 0, 0, 0, 18, 85
"/Users/kennethchap/Documents/GitHub/fish/services/mongo/models/game/index.ts", "TypeScript", 2, 0, 0, 0, 0, 0, 0, 4, 2, 8
"/Users/kennethchap/Documents/GitHub/fish/services/mongo/models/index.ts", "TypeScript", 3, 0, 0, 0, 0, 0, 0, 0, 0, 3
"/Users/kennethchap/Documents/GitHub/fish/services/mongo/models/types.ts", "TypeScript", 5, 0, 0, 0, 0, 0, 0, 0, 2, 7
"/Users/kennethchap/Documents/GitHub/fish/services/mongo/mongoose.ts", "TypeScript", 24, 0, 0, 0, 0, 0, 0, 7, 7, 38
"/Users/kennethchap/Documents/GitHub/fish/services/pusher/client.ts", "TypeScript", 14, 0, 0, 0, 0, 0, 0, 1, 2, 17
"/Users/kennethchap/Documents/GitHub/fish/services/pusher/index.ts", "TypeScript", 3, 0, 0, 0, 0, 0, 0, 0, 1, 4
"/Users/kennethchap/Documents/GitHub/fish/services/pusher/server.ts", "TypeScript", 8, 0, 0, 0, 0, 0, 0, 0, 1, 9
"/Users/kennethchap/Documents/GitHub/fish/services/pusher/types.ts", "TypeScript", 7, 0, 0, 0, 0, 0, 0, 1, 1, 9
"/Users/kennethchap/Documents/GitHub/fish/services/react-query/ReactQueryHydrate.tsx", "TypeScript JSX", 0, 5, 0, 0, 0, 0, 0, 0, 2, 7
"/Users/kennethchap/Documents/GitHub/fish/services/react-query/ReactQueryProvider.tsx", "TypeScript JSX", 0, 11, 0, 0, 0, 0, 0, 1, 6, 18
"/Users/kennethchap/Documents/GitHub/fish/services/react-query/auth/index.ts", "TypeScript", 1, 0, 0, 0, 0, 0, 0, 0, 0, 1
"/Users/kennethchap/Documents/GitHub/fish/services/react-query/auth/signOut.ts", "TypeScript", 10, 0, 0, 0, 0, 0, 0, 0, 4, 14
"/Users/kennethchap/Documents/GitHub/fish/services/react-query/index.ts", "TypeScript", 4, 0, 0, 0, 0, 0, 0, 0, 1, 5
"/Users/kennethchap/Documents/GitHub/fish/services/react-query/mutations/player-room/addPlayerToRoom.ts", "TypeScript", 40, 0, 0, 0, 0, 0, 0, 7, 8, 55
"/Users/kennethchap/Documents/GitHub/fish/services/react-query/mutations/player-room/deletePlayerFromRoom.ts", "TypeScript", 32, 0, 0, 0, 0, 0, 0, 7, 6, 45
"/Users/kennethchap/Documents/GitHub/fish/services/react-query/mutations/player-room/index.ts", "TypeScript", 4, 0, 0, 0, 0, 0, 0, 0, 0, 4
"/Users/kennethchap/Documents/GitHub/fish/services/react-query/mutations/player-room/sendInvite.ts", "TypeScript", 32, 0, 0, 0, 0, 0, 0, 6, 8, 46
"/Users/kennethchap/Documents/GitHub/fish/services/react-query/mutations/player-room/updateRoomStatus.ts", "TypeScript", 27, 0, 0, 0, 0, 0, 0, 4, 5, 36
"/Users/kennethchap/Documents/GitHub/fish/services/react-query/mutations/player/addInvite.ts", "TypeScript", 28, 0, 0, 0, 0, 0, 0, 7, 6, 41
"/Users/kennethchap/Documents/GitHub/fish/services/react-query/mutations/player/createPlayer.ts", "TypeScript", 12, 0, 0, 0, 0, 0, 0, 0, 4, 16
"/Users/kennethchap/Documents/GitHub/fish/services/react-query/mutations/player/deleteMail.ts", "TypeScript", 33, 0, 0, 0, 0, 0, 0, 6, 11, 50
"/Users/kennethchap/Documents/GitHub/fish/services/react-query/mutations/player/index.ts", "TypeScript", 3, 0, 0, 0, 0, 0, 0, 0, 0, 3
"/Users/kennethchap/Documents/GitHub/fish/services/react-query/mutations/player/sendMail.ts", "TypeScript", 35, 0, 0, 0, 0, 0, 0, 7, 8, 50
"/Users/kennethchap/Documents/GitHub/fish/services/react-query/mutations/player/updateCurrentRoomId.ts", "TypeScript", 24, 0, 0, 0, 0, 0, 0, 3, 4, 31
"/Users/kennethchap/Documents/GitHub/fish/services/react-query/mutations/sentence-symphony/calculateWinner.ts", "TypeScript", 29, 0, 0, 0, 0, 0, 0, 3, 8, 40
"/Users/kennethchap/Documents/GitHub/fish/services/react-query/mutations/sentence-symphony/createSentenceSymphony.ts", "TypeScript", 12, 0, 0, 0, 0, 0, 0, 0, 4, 16
"/Users/kennethchap/Documents/GitHub/fish/services/react-query/mutations/sentence-symphony/deleteSentenceSymphony.ts", "TypeScript", 18, 0, 0, 0, 0, 0, 0, 0, 5, 23
"/Users/kennethchap/Documents/GitHub/fish/services/react-query/mutations/sentence-symphony/forceSubmissions.ts", "TypeScript", 46, 0, 0, 0, 0, 0, 0, 1, 9, 56
"/Users/kennethchap/Documents/GitHub/fish/services/react-query/mutations/sentence-symphony/index.ts", "TypeScript", 7, 0, 0, 0, 0, 0, 0, 0, 1, 8
"/Users/kennethchap/Documents/GitHub/fish/services/react-query/mutations/sentence-symphony/startNewRound.ts", "TypeScript", 54, 0, 0, 0, 0, 0, 0, 5, 10, 69
"/Users/kennethchap/Documents/GitHub/fish/services/react-query/mutations/sentence-symphony/submitSentence.ts", "TypeScript", 38, 0, 0, 0, 0, 0, 0, 1, 7, 46
"/Users/kennethchap/Documents/GitHub/fish/services/react-query/mutations/sentence-symphony/updateVote.ts", "TypeScript", 47, 0, 0, 0, 0, 0, 0, 1, 7, 55
"/Users/kennethchap/Documents/GitHub/fish/services/react-query/queries/player-room/getPlayerRoom.ts", "TypeScript", 13, 0, 0, 0, 0, 0, 0, 0, 4, 17
"/Users/kennethchap/Documents/GitHub/fish/services/react-query/queries/player-room/index.ts", "TypeScript", 1, 0, 0, 0, 0, 0, 0, 0, 0, 1
"/Users/kennethchap/Documents/GitHub/fish/services/react-query/queries/player/getPlayer.ts", "TypeScript", 14, 0, 0, 0, 0, 0, 0, 0, 5, 19
"/Users/kennethchap/Documents/GitHub/fish/services/react-query/queries/player/getPlayerByUsername.ts", "TypeScript", 12, 0, 0, 0, 0, 0, 0, 0, 4, 16
"/Users/kennethchap/Documents/GitHub/fish/services/react-query/queries/player/index.ts", "TypeScript", 2, 0, 0, 0, 0, 0, 0, 0, 0, 2
"/Users/kennethchap/Documents/GitHub/fish/services/react-query/queries/sentence-symphony/getSentenceSymphony.ts", "TypeScript", 13, 0, 0, 0, 0, 0, 0, 0, 4, 17
"/Users/kennethchap/Documents/GitHub/fish/services/react-query/queries/sentence-symphony/index.ts", "TypeScript", 1, 0, 0, 0, 0, 0, 0, 0, 1, 2
"/Users/kennethchap/Documents/GitHub/fish/tailwind.config.ts", "TypeScript", 91, 0, 0, 0, 0, 0, 0, 0, 8, 99
"/Users/kennethchap/Documents/GitHub/fish/tsconfig.json", "JSON with Comments", 0, 0, 0, 0, 29, 0, 0, 0, 1, 30
"/Users/kennethchap/Documents/GitHub/fish/types/AnimalSprites.ts", "TypeScript", 14, 0, 0, 0, 0, 0, 0, 0, 0, 14
"/Users/kennethchap/Documents/GitHub/fish/types/CustomErrors.ts", "TypeScript", 15, 0, 0, 0, 0, 0, 0, 0, 1, 16
"/Users/kennethchap/Documents/GitHub/fish/types/GameRoomType.ts", "TypeScript", 3, 0, 0, 0, 0, 0, 0, 0, 0, 3
"/Users/kennethchap/Documents/GitHub/fish/types/PlayerRoomStatus.ts", "TypeScript", 7, 0, 0, 0, 0, 0, 0, 0, 1, 8
"/Users/kennethchap/Documents/GitHub/fish/types/index.ts", "TypeScript", 4, 0, 0, 0, 0, 0, 0, 0, 0, 4
"Total", "-", 2926, 4080, 14, 5885, 29, 44, 9, 783, 1260, 15030